state_po,plan_id,first_cycle,last_cycle,authority,enacted_on,status,source_url,baf_url,retrieved_on,verified_by,notes
AL,AL_2021,2022,2022,legislature,2021-11-04,superseded,https://www.sos.alabama.gov/alabama-votes/state-district-maps,,2026-09-15,,7 districts. Used in 2022; replaced by the Allen v. Milligan remedial plan for 2024. PRE-2026 ROW: verify date.
AL,AL_2023,2024,2024,court,2023-10-05,superseded,https://www.sos.alabama.gov/alabama-votes/state-district-maps,,2026-09-15,,7 districts. Court-ordered remedial plan in Allen v. Milligan.
AL,AL_2026,2026,,legislature,2026-06-02,in_effect,https://www.sos.alabama.gov/alabama-votes/state-district-maps,,2026-09-15,,7 districts. Enacted in a post-Callais special session; blocked by a federal court 2026-05-26; US Supreme Court lifted the injunction 2026-06-02. NEEDS OFFICIAL SOURCE (act number) before use.
CA,CA_2021,2022,2024,commission,2021-12-26,superseded,https://www.wedrawthelinesca.org/final_maps,,2026-09-15,,52 districts. Citizens Redistricting Commission plan. Superseded for 2026-2030 by Proposition 50.
CA,CA_2025,2026,2030,referendum,2025-11-04,in_effect,"https://ballotpedia.org/California_Proposition_50,_Use_of_Legislative_Congressional_Redistricting_Map_Amendment_(2025)",,2026-09-15,,52 districts. Proposition 50 approved ~65-35. US Supreme Court denied an injunction 2026-02-04. NEEDS OFFICIAL SOURCE (CA Secretary of State) before use.
FL,FL_2022,2022,2024,legislature,2022-04-22,superseded,https://www.flsenate.gov/Session/Redistricting/Congressional,,2026-09-15,,28 districts. Plan P000C0109.
FL,FL_2026,2026,,legislature,2026-05-04,in_effect,https://www.flsenate.gov/Session/Redistricting/Congressional,,2026-09-15,,"28 districts. Plan EOGPCRP2026; SB 8D / HB 1D, passed 2026-04-29, signed 2026-05-04. Florida Supreme Court allowed it to stand for 2026 on 2026-06-10."
LA,LA_2022,2022,2022,legislature,2022-03-30,superseded,https://www.legis.la.gov/legis/CongressMaps.aspx,,2026-09-15,,6 districts. Enacted over the governor's veto; used in 2022 only. PRE-2026 ROW: verify date/authority.
LA,LA_2024,2024,2024,legislature,2024-01-22,superseded,https://www.legis.la.gov/legis/CongressMaps.aspx,,2026-09-15,,6 districts. SB 8 (2024 First Extraordinary Session); the map at issue in Louisiana v. Callais.
LA,LA_2026,2026,,legislature,2026-05-29,in_effect,https://www.legis.la.gov/legis/CongressMaps.aspx,,2026-09-15,,"6 districts. SB 121 / Act 2, signed 2026-05-29 after Louisiana v. Callais (2026-04-29). Litigation pending."
MO,MO_2022,2022,,legislature,2022-05-18,in_effect,https://www.sos.mo.gov/elections/goelections/govotemissouri,,2026-09-15,,8 districts. GOVERNS THE 2026 GENERAL. The 2025 mid-decade plan is suspended pending a referendum; the August 2026 primary was held under the 2025 plan but the general reverts. NEEDS OFFICIAL SOURCE before use.
MO,MO_2025,,,legislature,2025-09-28,enjoined,https://www.sos.mo.gov/elections/goelections/govotemissouri,,2026-09-15,,8 districts. HB 1. Missouri Supreme Court ordered the 2022 map used in Nov 2026 (2026-09-03); Justice Kavanaugh denied a stay (2026-09-08); US Supreme Court blocked its use (2026-09-10). On the Nov 3 ballot as Proposition A. Not used in any cycle to date.
NC,NC_2022,2022,2022,court,2022-02-23,superseded,https://www.ncleg.gov/redistricting,,2026-09-15,,14 districts. Court-ordered interim plan used in 2022 only. PRE-2026 ROW: verify date/authority.
NC,NC_2023,2024,2024,legislature,2023-10-25,superseded,https://www.ncleg.gov/redistricting,,2026-09-15,,14 districts. Used in 2024 only; superseded by SB 249.
NC,NC_2025,2026,,legislature,2025-10-22,in_effect,https://www.ncleg.gov/BillLookup/2025/S249,,2026-09-15,,14 districts. SB 249 / Session Law 2025-95. Federal panel declined to block it (Nov-Dec 2025).
OH,OH_2021,2022,2024,legislature,2022-03-02,superseded,https://www.ohiosos.gov/elections/district-maps,,2026-09-15,,15 districts. Four-year plan; expired after 2024 by operation of the Ohio Constitution.
OH,OH_2025,2026,,commission,2025-10-31,in_effect,https://www.ohiosos.gov/elections/district-maps,,2026-09-15,,15 districts. Adopted unanimously by the Ohio Redistricting Commission after the General Assembly missed its 2025-09-30 deadline.
TN,TN_2022,2022,2024,legislature,2022-02-06,superseded,https://sos.tn.gov/announcements/2026-congressional-redistricting,,2026-09-15,,9 districts.
TN,TN_2026,2026,,legislature,2026-05-07,in_effect,https://sos.tn.gov/announcements/2026-congressional-redistricting,,2026-09-15,,9 districts. Second Extraordinary Session of the 114th General Assembly. Preliminary injunction denied 2026-05-26; litigation continues.
TX,TX_2021,2022,2024,legislature,2021-10-25,superseded,https://redistricting.capitol.texas.gov/,,2026-09-15,,38 districts. PLANC2193. Superseded by the 2025 mid-decade plan.
TX,TX_2025,2026,,legislature,2025-08-29,in_effect,https://redistricting.capitol.texas.gov/,,2026-09-15,,38 districts. PLANC2333. Enjoined by a three-judge panel 2025-11-18; US Supreme Court stayed that order 2025-12-04 and upheld the plan 2026-04-27.
UT,UT_2021,2022,2024,legislature,2021-11-12,superseded,https://le.utah.gov/redistricting/,,2026-09-15,,4 districts. Invalidated as a partisan gerrymander under Proposition 4.
UT,UT_2025,2026,,court,2025-11-10,in_effect,https://redistricting.lls.edu/case/lwv-of-utah-v-utah-state-legislature/,,2026-09-15,,4 districts. Remedial map adopted by Utah Third District Court in League of Women Voters of Utah v. Utah State Legislature. Federal challenge declined 2026. NEEDS OFFICIAL SOURCE (Utah courts docket) before use.
