# Hand-compiled special-election results, 2025-2026 cycle.
# Tier 0 public aggregate. EVERY row must carry source_url + retrieved_on or validation rejects it.
#
# baseline_dem_share = two-party Democratic PRESIDENTIAL share for the SAME geography,
#   from baseline_cycle (2024 preferred). Cite where you got it in baseline_source.
# baseline_two_party_votes = that geography's presidential two-party TURNOUT; enables turnout_ratio.
# contest_format: single_round | all_party_first_round | runoff | unknown
#   Under an all-party ballot, compile the LAST ROUND IN WHICH BOTH PARTIES RAN -- round one.
#   A same-party runoff is unusable: the margin is +/-1 by ballot construction, not by preference.
# include_in_metric: Y|N. N requires exclusion_reason. Excluded rows are recorded, not trusted.
# retrieved_on = when we read the page. results_updated_on = when the state last revised the count.
# A multi-round contest gets one row per round, distinct special_id, but only ONE may be include_in_metric=Y.
# office: us_house | us_senate | state_house | state_senate | governor | other
special_id,election_date,state_po,office,district,contest_format,dem_votes,rep_votes,other_votes,baseline_dem_share,baseline_source,baseline_cycle,baseline_two_party_votes,include_in_metric,exclusion_reason,source_url,retrieved_on,results_updated_on,notes
2025-fl-cd01,2025-04-01,FL,us_house,01,single_round,72375,97370,1503,0.315095,data/gold/cd_presidential_baseline_2024.parquet (MEDSL precinct-derived),2024,406331,Y,,https://results.elections.myflorida.com/Specials.asp?ElectionDate=4/1/2025&DATAMODE=,2026-09-08,,Date confirmed.
2025-fl-cd06,2025-04-01,FL,us_house,06,single_round,83580,110980,1240,0.348756,data/gold/cd_presidential_baseline_2024.parquet (MEDSL precinct-derived),2024,430066,Y,,https://results.elections.myflorida.com/Specials.asp?ElectionDate=4/1/2025&DATAMODE=,2026-09-08,,Date confirmed.
2025-tn-cd07,2025-12-02,TN,us_house,07,single_round,81109,97034,1259,0.376359,data/gold/cd_presidential_baseline_2024.parquet (MEDSL precinct-derived),2024,313578,Y,,https://sos-prod.tnsosgovfiles.com/s3fs-public/document/20251202GeneralbyOffice.pdf,2026-09-08,2025-12-05,
2025-va-cd11,2025-09-09,VA,us_house,11,single_round,113596,37297,287,0.678638,data/gold/cd_presidential_baseline_2024.parquet (MEDSL precinct-derived),2024,391459,Y,,https://enr.elections.virginia.gov/results/public/virginia/elections/2025-September-9-Special,2026-09-08,2025-09-17,
2025-tx-cd18,2025-11-04,TX,us_house,18,all_party_first_round,61845,11296,3048,0.701937,data/gold/cd_presidential_baseline_2024.parquet (MEDSL precinct-derived),2024,220329,Y,,https://goelect.txelections.civixapps.com/ivis-enr-ui/races,2026-09-08,2025-11-09,"All-party first round; D field split across many candidates, aggregated by party. The 2026-01-31 runoff was D-vs-D and is not usable."
2026-ca-cd01,2026-06-02,CA,us_house,01,all_party_first_round,71160,125974,1808,0.371887,data/gold/cd_presidential_baseline_2024.parquet (MEDSL precinct-derived),2024,317099,N,"Held on California's 2026 statewide primary day, so it carries no turnout differential (ratio 0.62). Same rule as the two general-election-day Senate specials.",https://elections.cdn.sos.ca.gov/special-elections/2026-cd1/cd1-primary-official-canvass.xlsx,2026-09-08,,Election date not yet confirmed against the results page (excluded anyway).
2026-ca-cd14,2026-06-16,CA,us_house,14,all_party_first_round,93075,29771,831,0.684424,data/gold/cd_presidential_baseline_2024.parquet (MEDSL precinct-derived),2024,279277,Y,,https://elections.cdn.sos.ca.gov/special-elections/2026-cd14/cd14-primary-official-canvass.xlsx,2026-09-08,,Date confirmed.
2026-ga-cd13,2026-07-28,GA,us_house,13,runoff,17760,2750,0,0.716404,data/gold/cd_presidential_baseline_2024.parquet (MEDSL precinct-derived),2024,349800,N,"Runoff, not the all-party first round: turnout is 6% of the 2024 presidential two-party vote. Compile the 2026-04-22 first round instead.",https://results.sos.ga.gov/cdn/results/09378a07-e6cf-4f66-be7c-ca4aa534f99a/Total%20Votes%20Results_e0fa5a4d-4f6f-4a17-affe-bbd0165f4ba9.xlsx,2026-09-08,2026-08-10,Excluded; compile the 2026-04-22 all-party first round to make this seat usable.
2026-ga-cd14-r1,2026-03-10,GA,us_house,14,all_party_first_round,54374,69142,602,0.309471,data/gold/cd_presidential_baseline_2024.parquet (MEDSL precinct-derived),2024,374407,N,"Superseded by the 2026-04-07 runoff, in which both parties also ran. Recorded for comparison only; including both rounds would give this seat double weight.",https://results.sos.ga.gov/cdn/results/09378a07-e6cf-4f66-be7c-ca4aa534f99a/Total%20Votes%20Results_0dbf4738-5105-42d9-a21f-84a34abd28c6.xlsx,2026-09-08,2026-03-19,Overperformance +26.1 vs the runoff's +26.3 - the two rounds agree to 0.2pt.
2026-ga-cd14-runoff,2026-04-07,GA,us_house,14,runoff,57097,72338,0,0.309471,data/gold/cd_presidential_baseline_2024.parquet (MEDSL precinct-derived),2024,374407,Y,,https://results.sos.ga.gov/cdn/results/09378a07-e6cf-4f66-be7c-ca4aa534f99a/Total%20Votes%20Results_0dbf4738-5105-42d9-a21f-84a34abd28c6.xlsx,2026-09-08,,results_updated_on left blank: the 2026-03-19 date carried over from round one predates this election.
2026-nj-cd11,2026-04-16,NJ,us_house,11,single_round,81825,53520,625,0.547419,data/gold/cd_presidential_baseline_2024.parquet (MEDSL precinct-derived),2024,399102,Y,,https://nj.gov/state/elections/assets/pdf/election-results/2026/2026-official-special-general-results-us-house-11cd.pdf,2026-09-08,2026-05-14,
